0,1,2,3
02021,1996,198400.0,1.0
02021,1997,218602.75129711212,1.1018283835539926
02021,1998,223835.65997563646,1.1282039313288128
02021,1999,226079.0220769629,1.139511199984692
02021,2000,221381.0859558013,1.1158320864707727
02021,2001,220429.13592769305,1.1110339512484528
02021,2002,217919.58333479703,1.0983849966471624
02021,2003,218328.54773075655,1.100446309126797
02021,2004,213925.46821943746,1.0782533680415194
02021,2005,210755.06860250857,1.0622735312626441
02021,2006,206863.43170189927,1.042658425916831
02021,2007,202492.71868417985,1.0206286224001
02021,2008,196569.99212394631,0.9907761699795681
02021,2009,197626.30417681715,0.9961003234718606
02021,2010,201978.3620253441,1.018036098918065
02021,2011,202574.74405923559,1.0210420567501794
02021,2012,204624.20168405146,1.0313719842946143
02021,2013,211322.74685220994,1.065134812763155
02021,2014,217701.90941629052,1.0972878498804965
02021,2015,213838.72103707187,1.0778161342594348
02021,2016,207652.32061942402,1.0466346805414517
02026,1996,164022.22,1.0
02026,1997,173240.87461620613,1.056203693720315
02026,1998,177585.62303388183,1.0826924732141892
02026,1999,178078.35972930054,1.085696558242539
02026,2000,181512.30166504212,1.1066323920322632
02026,2001,184927.4868705802,1.127453871009551
02026,2002,182629.39752713128,1.1134430294086453
02026,2003,184074.42334646694,1.1222529688140237
02026,2004,180175.12973847892,1.0984800092236218
02026,2005,174040.96302975315,1.061081620708177
02026,2006,170170.59937561248,1.0374850393782773
02026,2007,165582.1927078071,1.0095107401168395
02026,2008,165677.06031590144,1.010089122778008
02026,2009,169465.10972945127,1.0331838560010422
02026,2010,175322.78927135677,1.0688965755454156
02026,2011,165700.86633363305,1.010234261758151
02026,2012,167461.53963852875,1.0209686202182164
02026,2013,175241.5094449906,1.0684010339878987
02026,2014,182346.89659827657,1.1117206961244432
02026,2015,182436.97923898467,1.1122699061077497
02026,2016,182610.03661350714,1.1133249910500367
02108,1996,265311.11,1.0
02108,1997,289816.2877697682,1.0923639336843762
02108,1998,289092.8839737369,1.0896373090962415
02108,1999,305240.1532646429,1.1504989491945623
02108,2000,316140.31830427767,1.1915834142953068
02108,2001,309022.69361705147,1.1647559486560948
02108,2002,290760.0085364783,1.0959209681663098
02108,2003,278699.3992176588,1.050462603008441
02108,2004,268168.9249030366,1.010771561368224
02108,2005,267352.47799986904,1.0076942424305904
02108,2006,265361.6208885155,1.0001903836161083
02108,2007,269529.4111695099,1.015899451664538
02108,2008,276887.62909812585,1.043633751704276
02108,2009,285746.1499661948,1.077022933439142
02108,2010,311854.8626818877,1.175430846759066
02108,2011,309447.9480722905,1.1663588007011487
02108,2012,318087.2641972428,1.1989217647057555
02108,2013,323501.07220631605,1.2193272728244062
02108,2014,332870.6847609766,1.2546428408556904
02108,2015,362392.9655546093,1.3659170381316084
02108,2016,359023.4882845652,1.3532169394812197
02109,1996,203255.56,1.0
02109,1997,229038.84083566949,1.1268515401776438
02109,1998,251328.0587636529,1.2365125891938842
02109,1999,272459.73872331786,1.3404786502436532
02109,2000,281623.50777712086,1.3855636115298438
02109,2001,291991.6448027605,1.4365739604011842
02109,2002,280663.125145223,1.3808386109842359
02109,2003,240597.93435147437,1.1837212932894645
02109,2004,225130.5936935653,1.1076232979484806
02109,2005,231083.30708426476,1.1369101395517287
02109,2006,232347.89752578278,1.1431318165455489
02109,2007,237918.33695838027,1.1705379029158183
02109,2008,255049.17679331367,1.2548201721680512
02109,2009,262028.81906933815,1.2891594162016435
02109,2010,267100.93281297793,1.3141137827323293
02109,2011,262527.79453824885,1.291614332903114
02109,2012,274120.1092022972,1.3486475312276682
02109,2013,300723.34366498474,1.4795331732375967
02109,2014,313011.2419993845,1.5399885838271017
02109,2015,323907.0366959365,1.593594963384699
02109,2016,327687.29256228905,1.6121934994658402
02110,1996,233522.22,1.0
02110,1997,283231.91986161174,1.2128692501365042
02110,1998,304042.6254908843,1.301985847389102
02110,1999,325975.4043873255,1.395907440359746
02110,2000,356974.82494047715,1.5286546391194686
02110,2001,378309.5999758598,1.6200154314045996
02110,2002,349952.02911235177,1.4985812875209552
02110,2003,316486.5221542199,1.3552736958145564
02110,2004,273817.1335538973,1.1725528027007337
02110,2005,269876.18540589075,1.155676686380811
02110,2006,299150.46656586864,1.2810364108643222
02110,2007,289458.21891831496,1.2395318052317033
02110,2008,306113.2599813814,1.3108528172667313
02110,2009,295529.34234983526,1.2655298598558855
02110,2010,304852.3416047629,1.3054532523918405
02110,2011,314391.0133113531,1.3463002077975839
02110,2012,334957.7263127492,1.4343719681696636
02110,2013,371702.06986397563,1.5917203504830317
02110,2014,375077.5070752975,1.606174808869569
02110,2015,384802.06161346217,1.6478177606116546
02110,2016,401228.0452974622,1.7181578922017022
02111,1996,221544.44,1.0
02111,1997,264849.4715992525,1.19546882602539
02111,1998,287635.7415419239,1.2983207411656275
02111,1999,304131.39338577446,1.3727782714193795
02111,2000,320451.8046963136,1.4464448067228117
02111,2001,331529.5838019368,1.496447321367834
02111,2002,314505.30731572676,1.4196037026057922
02111,2003,293513.18999761547,1.3248501745185546
02111,2004,278151.5327802266,1.2555112318784738
02111,2005,271878.3753163787,1.227195660231323
02111,2006,268094.56792570814,1.2101164349947493
02111,2007,272946.2106099172,1.232015620026019
02111,2008,282667.33652917587,1.2758945181796297
02111,2009,291976.7600734055,1.3179150877061303
02111,2010,303876.93379506224,1.3716297000956659
02111,2011,310196.767353826,1.4001559567634647
02111,2012,323834.917740305,1.4617153910082556
02111,2013,336206.38612314564,1.517557317724361
02111,2014,345646.33011694707,1.5601670261593885
02111,2015,378191.170592151,1.7070668557159503
02111,2016,388719.51870013407,1.7545893668111647
02113,1996,122533.33,1.0
02113,1997,138158.95207137454,1.1275214023104942
02113,1998,148603.88309830072,1.2127629527272352
02113,1999,164614.84691446932,1.3434291462940682
02113,2000,177481.19268787652,1.448431971022713
02113,2001,183814.60154639176,1.500119204679998
02113,2002,179963.30820400224,1.4686886270372497
02113,2003,173683.5149757576,1.4174389529424982
02113,2004,163163.02057353433,1.3315807264320192
02113,2005,163749.20037600666,1.3363645660817889
02113,2006,157542.9979896402,1.2857154701471036
02113,2007,167798.18715268333,1.3694085287054822
02113,2008,176335.02260721006,1.4390780256050337
02113,2009,178126.87275195585,1.4537013949751945
02113,2010,181239.14944505133,1.4791008246087112
02113,2011,183529.66241049723,1.4977938036165117
02113,2012,190062.3270148076,1.5511071723490057
02113,2013,207076.41118121802,1.6899598760697845
02113,2014,216021.9572189167,1.7629648783634355
02113,2015,224014.6089737942,1.828193267691282
02113,2016,221801.0125234595,1.8101280078119113
02114,1996,135311.11,1.0
02114,1997,158276.40990521963,1.1697222046675964
02114,1998,168931.35918898272,1.2484662877200752
02114,1999,185998.0731497895,1.3745957235129438
02114,2000,210670.9085808792,1.5569372580040117
02114,2001,221398.0679361563,1.6362150006467047
02114,2002,204545.11938021454,1.5116653716033706
02114,2003,184255.939666625,1.361720701771089
02114,2004,183267.15411826983,1.354413204638332
02114,2005,194978.24970115887,1.4409626061094236
02114,2006,176196.91557795508,1.3021614823642722
02114,2007,176586.40782166866,1.3050399765523222
02114,2008,201990.71650298714,1.4927873735053032
02114,2009,198337.6546720898,1.4657898724804623
02114,2010,206646.7047247105,1.5271968778078202
02114,2011,217737.22394400596,1.6091599865229542
02114,2012,229871.42322013748,1.6988362834370179
02114,2013,232870.38776537695,1.7209997594829942
02114,2014,228509.60863254,1.6887719613898668
02114,2015,262428.0195432342,1.939441776386538
02114,2016,277411.67540424346,2.050176629282278
02115,1996,136188.89,1.0
02115,1997,157270.09900992303,1.1547938969905915
02115,1998,164093.0150930151,1.2048928153611875
02115,1999,172289.761993131,1.2650794201577749
02115,2000,185263.04693437307,1.3603389155633256
02115,2001,196023.14119877308,1.4393475209231315
02115,2002,186934.27175083116,1.3726102896560148
02115,2003,177871.75374308776,1.3060665502383324
02115,2004,174499.13490985718,1.2813022773726783
02115,2005,174201.42995145585,1.2791163064142446
02115,2006,171174.9847421718,1.256893897455011
02115,2007,177237.94980666848,1.3014126909079622
02115,2008,191177.19064776166,1.4037649521026394
02115,2009,201304.411312392,1.4781265293548687
02115,2010,203021.92342254752,1.4907377791429792
02115,2011,205232.39473917917,1.5069687016259488
02115,2012,214785.45972717475,1.5771144013816012
02115,2013,225190.75293710898,1.653517793831119
02115,2014,251712.9578364793,1.8482635245538699
02115,2015,257576.72569381222,1.8913196641356882
02115,2016,258324.4616068044,1.8968100966738504
02116,1996,244877.78,1.0
02116,1997,288454.30649668496,1.1779521461550533
02116,1998,308534.7979703921,1.2599542431754818
02116,1999,315118.1979817564,1.2868386751209375
02116,2000,332781.9069621771,1.358971430409803
02116,2001,348488.6559583653,1.4231126072703097
02116,2002,316760.4748698325,1.2935451916863692
02116,2003,295425.7881910774,1.206421375557543
02116,2004,287955.52146630967,1.1759152727793827
02116,2005,284912.6660939268,1.1634892561257573
02116,2006,276700.98913061735,1.1299554787315425
02116,2007,290435.5277289861,1.1860427995099683
02116,2008,313233.1921597512,1.2791409337333555
02116,2009,328623.97537588136,1.3419918106733955
02116,2010,329718.95062486344,1.3464633280523184
02116,2011,345088.22348552966,1.4092263638029128
02116,2012,374875.1040335033,1.5308661489560353
02116,2013,392116.5133906673,1.601274372018022
02116,2014,403616.7057899056,1.6482373606535703
02116,2015,423707.85507620923,1.730282980661656
02116,2016,425632.28280959645,1.7381417081190316
02118,1996,149722.22,1.0
02118,1997,181187.23334000804,1.2101559363734256
02118,1998,202356.96467491172,1.351549320300699
02118,1999,223587.90789940173,1.493351540602335
02118,2000,236714.2763762164,1.5810230196708037
02118,2001,240018.16378262473,1.6030898004492902
02118,2002,232898.58691550093,1.555537894879604
02118,2003,225297.13906368866,1.5047675559692386
02118,2004,214397.802678326,1.4319705029642626
02118,2005,214817.7982078886,1.4347756679528838
02118,2006,209490.84400018663,1.3991967524939626
02118,2007,218955.4792455213,1.4624113858685859
02118,2008,233864.8812310745,1.5619918087714335
02118,2009,242408.03758813487,1.6190518520773662
02118,2010,250029.0963556915,1.669953172987226
02118,2011,255701.8611083358,1.7078417693000798
02118,2012,268424.43574166024,1.7928162950139281
02118,2013,282263.56310489745,1.8852483158805515
02118,2014,303167.5162125564,2.0248665576329046
02118,2015,314689.19043102016,2.1018202270245534
02118,2016,322680.27910784446,2.15519299077882
02119,1996,73388.89,1.0
02119,1997,85848.3629154986,1.1697732846960704
02119,1998,93900.84199615964,1.2794966921581679
02119,1999,101552.32310916613,1.3837560850036856
02119,2000,109537.90464038606,1.492567943736253
02119,2001,118414.49561642668,1.6135207334029262
02119,2002,125134.86419296154,1.7050927489564367
02119,2003,132049.05642734672,1.799305813554977
02119,2004,138549.8418077428,1.8878857795470514
02119,2005,132757.20081093974,1.8089550177273392
02119,2006,131709.17551262307,1.794674582387376
02119,2007,132107.40440776435,1.8001008655092665
02119,2008,128449.98209243799,1.7502646802865938
02119,2009,110586.03845741083,1.5068498577565463
02119,2010,104369.04795171508,1.422136892269594
02119,2011,104947.0558741577,1.4300128517294335
02119,2012,118036.92861110184,1.6083759900320314
02119,2013,126084.24138530847,1.7180290011922577
02119,2014,132616.2891885515,1.8070349502295444
02119,2015,147298.47983221247,2.007095077091539
02119,2016,162679.30956963898,2.216674888660109
02120,1996,87222.22,1.0
02120,1997,101879.86738753172,1.1680494647755093
02120,1998,113125.39695042635,1.2969791063610436
02120,1999,121207.6104309772,1.389641428881049
02120,2000,126434.94446876849,1.4495726486756297
02120,2001,130008.45644258897,1.4905428506931946
02120,2002,134453.9429094787,1.5415102127586147
02120,2003,138937.95921266277,1.5929193181813392
02120,2004,138105.2891604654,1.5833727823078272
02120,2005,134803.15406264906,1.5455139076103435
02120,2006,131396.2140137197,1.506453447455473
02120,2007,130251.27394687754,1.4933267457177488
02120,2008,130911.04549881331,1.5008910057415794
02120,2009,132675.62432792093,1.5211218463359557
02120,2010,142912.71291457285,1.6384897439502555
02120,2011,146478.31785282135,1.6793692920544943
02120,2012,146783.85332089177,1.6828722465547399
02120,2013,154035.09048586275,1.7660074518381066
02120,2014,168903.275131309,1.936470719632096
02120,2015,170543.48017092008,1.9552756186545135
02120,2016,186474.34373133635,2.137922466675766
02121,1996,69477.78,1.0
02121,1997,85510.0313732034,1.230753650637706
02121,1998,95237.22153283918,1.3707579823770877
02121,1999,102056.30991210577,1.468905740973672
02121,2000,109301.14986657293,1.5731813806741224
02121,2001,116941.72091249893,1.6831528139284089
02121,2002,123481.40505238065,1.777279081922028
02121,2003,131925.0942999239,1.8988098684201467
02121,2004,139157.13395905652,2.002901272306866
02121,2005,129671.85917895858,1.8663788506045902
02121,2006,129966.05898268698,1.8706132951094145
02121,2007,137111.39052481248,1.973456701190114
02121,2008,125258.97434118994,1.8028637981983584
02121,2009,105033.302174263,1.5117538610799452
02121,2010,98273.78578217173,1.4144635275072366
02121,2011,93801.35511484109,1.3500914265660344
02121,2012,99169.73095722108,1.4273589478135467
02121,2013,118509.91659734,1.705723996900016
02121,2014,119912.64341813704,1.72591357147763
02121,2015,136446.998715652,1.9638940495170112
02121,2016,143238.8247621689,2.0616494188813874
02122,1996,81922.22,1.0
02122,1997,97620.41116005875,1.191623117147689
02122,1998,105654.55103132161,1.2896934559551927
02122,1999,108831.26043651674,1.3284705960912282
02122,2000,113058.12498362125,1.3800666654739246
02122,2001,121260.38737894407,1.4801892255720617
02122,2002,126553.51935010351,1.5448009020031868
02122,2003,135006.50331217566,1.6479839451637865
02122,2004,135267.29174615454,1.6511673114590222
02122,2005,136043.12609504923,1.6606376889572723
02122,2006,138092.12179476407,1.6856491656935575
02122,2007,138573.56817704893,1.6915260374663788
02122,2008,129722.39595609295,1.5834824295056085
02122,2009,122771.08649080821,1.4986298771054813
02122,2010,124754.72492462312,1.522843557274487
02122,2011,125619.62545264816,1.5334011389418911
02122,2012,129133.75190677728,1.5762970279220616
02122,2013,140558.86221787654,1.7157599271342565
02122,2014,144815.94665982766,1.7677248817210722
02122,2015,150638.28042054566,1.8387963658766286
02122,2016,157993.11561503258,1.92857463597828
02124,1996,91888.89,1.0
02124,1997,114562.8009055311,1.24675356188905
02124,1998,121497.90432143373,1.322226270460267
02124,1999,123993.9160868602,1.3493896388002968
02124,2000,126709.08518240362,1.3789380324694707
02124,2001,131957.39285450568,1.4360538347400398
02124,2002,139526.84436233612,1.5184299686538396
02124,2003,148505.38192099374,1.6161407752449044
02124,2004,148079.95937719502,1.6115110257311305
02124,2005,149059.18381861888,1.62216763983784
02124,2006,151120.0218414298,1.6445951392102987
02124,2007,152956.70209264368,1.6645831949068455
02124,2008,141030.52224302315,1.5347940566375669
02124,2009,126219.05474506604,1.3736051740865085
02124,2010,128451.91882783482,1.3979047829159197
02124,2011,128216.68420532631,1.395344793100954
02124,2012,133655.64268670641,1.4545353925453492
02124,2013,149131.57957042684,1.622955501698049
02124,2014,150779.7818003693,1.6408924060391772
02124,2015,160600.4216234472,1.747767566062091
02124,2016,168490.18388757916,1.8336295485512901
02125,1996,80644.44,1.0
02125,1997,91001.34649579496,1.12842678919706
02125,1998,96943.93057832468,1.2021154908921765
02125,1999,103633.05357670435,1.2850613579399193
02125,2000,110646.92719036131,1.3720341686340845
02125,2001,118979.24866518984,1.475355879031336
02125,2002,122781.86299102943,1.5225087184067423
02125,2003,131584.19114444352,1.6316585637452938
02125,2004,134187.6607698024,1.6639418758416873
02125,2005,135167.8512472758,1.6760963464719427
02125,2006,130788.48859302813,1.6217917638590846
02125,2007,133633.98039579528,1.6570761777971956
02125,2008,133719.13126687944,1.6581320580424321
02125,2009,125716.92308839785,1.5589037891316233
02125,2010,125504.38627485253,1.5562683090719276
02125,2011,121910.16252594888,1.5116995359624157
02125,2012,127869.01122849112,1.585589920749541
02125,2013,142222.85445941417,1.763579168748821
02125,2014,150863.7798502257,1.8707276019304702
02125,2015,159363.7437921549,1.9761280975124251
02125,2016,171766.91406462347,2.1299287844843793
02126,1996,97444.44,1.0
02126,1997,114076.98906465537,1.1706875124394513
02126,1998,117496.81539033304,1.2057826530721818
02126,1999,118522.11480722358,1.2163045403844854
02126,2000,120241.85216759081,1.2339529291521487
02126,2001,123115.19625259152,1.2634399279485984
02126,2002,125413.70703970893,1.287027839040472
02126,2003,136874.83279587593,1.4046448704089831
02126,2004,140355.84294076328,1.440367895189949
02126,2005,138198.4897056485,1.4182285793386313
02126,2006,142651.88781184374,1.4639305004148389
02126,2007,142479.01993937744,1.4621564856791978
02126,2008,128445.98934548652,1.318145902890781
02126,2009,110083.90680074264,1.1297094713740736
02126,2010,103568.26906816692,1.0628443148543614
02126,2011,111785.9732884848,1.147176517084862
02126,2012,115243.23502071737,1.1826558295241614
02126,2013,124685.64657130197,1.2795562945541272
02126,2014,126460.46101969635,1.297769898618088
02126,2015,129984.96500249625,1.3339392683922884
02126,2016,141955.5309018629,1.4567843060298042
02127,1996,117711.11,1.0
02127,1997,134740.97806256398,1.1446751123370087
02127,1998,145754.01337724278,1.2382349752478146
02127,1999,155910.3611714307,1.324516956567912
02127,2000,176820.76029465813,1.502158634768274
02127,2001,177774.00712703413,1.510256823905867
02127,2002,172459.13217364028,1.4651049690521165
02127,2003,174666.3826034132,1.4838563887759888
02127,2004,169843.22987183533,1.4428818985041882
02127,2005,169602.59640735923,1.440837627029082
02127,2006,163627.53763218067,1.390077263158768
02127,2007,165737.50290968793,1.4080022090496633
02127,2008,171329.13147352482,1.4555051895570845
02127,2009,179562.13037099838,1.5254476010887874
02127,2010,185869.1610225038,1.5790281904783992
02127,2011,187832.11776068204,1.5957042437258644
02127,2012,193050.93400317698,1.640040043825744
02127,2013,212738.19516514143,1.807290706587861
02127,2014,224069.73245383668,1.9035563631490406
02127,2015,232633.20107779506,1.9763062388740966
02127,2016,246432.35112836867,2.0935351907595523
02128,1996,56111.11,1.0
02128,1997,72775.05272104303,1.2969811632855424
02128,1998,84924.55557161439,1.5135069609497012
02128,1999,95756.53427321074,1.7065521297513226
02128,2000,102291.87212572506,1.8230234997262584
02128,2001,108470.49217574052,1.933137522600079
02128,2002,112694.75704535474,2.008421452460212
02128,2003,120883.37258513209,2.15435717784111
02128,2004,123708.90108619301,2.204713132322512
02128,2005,128880.46841450525,2.2968796805927605
02128,2006,125075.13789257545,2.2290619075718774
02128,2007,128864.85757198927,2.296601467552313
02128,2008,121174.48635015139,2.1595453440531007
02128,2009,110845.47000139512,1.975463860925138
02128,2010,113117.93325649988,2.015963206867586
02128,2011,111422.38363472874,1.9857454902376506
02128,2012,118911.85678674973,2.1192212520256635
02128,2013,131922.956987586,2.3511022502956362
02128,2014,141492.04205785802,2.521640403439854
02128,2015,146344.25469149218,2.6081154817912564
02128,2016,154089.16007950815,2.7461435013406104
02129,1996,167277.78,1.0
02129,1997,187849.67849196814,1.1229804609552334
02129,1998,207283.8640947288,1.2391595829089124
02129,1999,221665.5796199867,1.3251346330635587
02129,2000,235468.18346942365,1.4076477071217925
02129,2001,244995.70474567608,1.4646039943002356
02129,2002,232663.7775509692,1.3908827433683613
02129,2003,221277.14087363315,1.3228125150491186
02129,2004,210265.8399906345,1.256986074245094
02129,2005,203833.10729284558,1.2185306816771815
02129,2006,194348.638481497,1.1618317655907258
02129,2007,192715.82209614114,1.1520706581360725
02129,2008,196741.50912513296,1.1761365384280742
02129,2009,206982.68166042434,1.2373590901339337
02129,2010,214735.38201988203,1.2837053553668756
02129,2011,216434.3689534974,1.2938620356720265
02129,2012,224708.4955776985,1.3433254289822503
02129,2013,240697.46869820755,1.4389087940921237
02129,2014,254580.8767962659,1.5219049224365955
02129,2015,269718.3244740732,1.6123978000788461
02129,2016,269203.63213701284,1.6093209279619376
02130,1996,111933.33,1.0
02130,1997,133647.92527699907,1.1939957944340533
02130,1998,145721.8146614911,1.3018625878591399
02130,1999,154290.41547012335,1.378413520531582
02130,2000,163699.39197999393,1.4624722768454572
02130,2001,175348.90900712847,1.5665477745290743
02130,2002,177483.11411203814,1.5856145270764135
02130,2003,176928.73769430784,1.5806617894268655
02130,2004,169466.15170462063,1.5139918709165592
02130,2005,166765.24837952352,1.4898622990982535
02130,2006,158594.69065192027,1.4168674393223204
02130,2007,158169.02547215635,1.4130645936483472
02130,2008,164847.39821282428,1.472728437658598
02130,2009,170515.40173962503,1.523365754772283
02130,2010,176549.50699257155,1.5772737842479227
02130,2011,176106.40856229392,1.5733151918404815
02130,2012,183794.92029193186,1.6420035059435099
02130,2013,194202.59007854614,1.7349844776220464
02130,2014,207558.19122281493,1.8543019422616565
02130,2015,213281.4529167034,1.905432929733292
02130,2016,220932.26450053157,1.9737844349000568
02131,1996,123166.67,1.0
02131,1997,140310.36088639701,1.1391909912510991
02131,1998,143588.42835463423,1.165805882018522
02131,1999,147306.66962109462,1.1959945788994264
02131,2000,158615.32222879148,1.2878104297923414
02131,2001,162498.10954105252,1.3193350891199098
02131,2002,159921.18599711434,1.2984128416974685
02131,2003,166555.54167754826,1.3522777036802915
02131,2004,163305.91156026997,1.325893698029426
02131,2005,160525.27148709696,1.3033174598866477
02131,2006,154580.78790050864,1.2550537243599154
02131,2007,156350.77148311507,1.2694243619894494
02131,2008,158297.85845609294,1.2852329161460072
02131,2009,157991.40758845687,1.2827448171526994
02131,2010,161969.44647039543,1.3150428315582083
02131,2011,160640.93571230336,1.3042565469400396
02131,2012,161475.66390286706,1.311033771578521
02131,2013,168459.16008945834,1.367733333128665
02131,2014,174287.1228990562,1.4150510271898737
02131,2015,180379.66325218056,1.464516847392079
02131,2016,192090.5605362178,1.5595985548380726
02132,1996,163677.78,1.0
02132,1997,186331.54273127756,1.1384046309234983
02132,1998,189798.20804616684,1.159584447236313
02132,1999,200894.333399808,1.227376943894327
02132,2000,203773.77495246165,1.244969078591252
02132,2001,195901.3326730283,1.196871882506155
02132,2002,197500.77925224265,1.2066438049944388
02132,2003,195018.73928964787,1.191479621055759
02132,2004,186978.38150621482,1.1423565343213649
02132,2005,181535.49839776265,1.109102887378865
02132,2006,172536.00018852955,1.0541198700796746
02132,2007,173794.6326691408,1.0618095667545149
02132,2008,178333.3880687863,1.0895393868904277
02132,2009,178352.83222760004,1.089658182238298
02132,2010,186601.78631854928,1.1400557016263861
02132,2011,194203.56412340005,1.1864992555703044
02132,2012,191695.23056286864,1.1711744291917243
02132,2013,202787.94407986425,1.2389460810127328
02132,2014,207362.1987064013,1.2668927859749888
02132,2015,205662.8927236596,1.2565107659919361
02132,2016,209332.13830906485,1.2789282595906717
02134,1996,99733.33,1.0
02134,1997,111942.92862768656,1.1224224502248803
02134,1998,118527.2717052423,1.1884419351609166
02134,1999,122467.56555875619,1.2279502304671486
02134,2000,126752.69411642513,1.2709160931097472
02134,2001,134648.2528158814,1.3500827939454283
02134,2002,140500.33247600525,1.4087600652259906
02134,2003,141851.13251768495,1.4223041837436385
02134,2004,136616.82937505725,1.369821195933769
02134,2005,137501.9188452293,1.3786957564259539
02134,2006,133168.4482682346,1.3352451810065362
02134,2007,141100.17885885827,1.4147745679288786
02134,2008,141752.48986926096,1.4213151197223732
02134,2009,137060.90715596525,1.374273847629125
02134,2010,137677.86050360498,1.3804598773910886
02134,2011,142301.38863578334,1.4268187840091506
02134,2012,146471.99664855975,1.468636379117791
02134,2013,149047.32597750574,1.494458532343257
02134,2014,162079.4664515798,1.6251283944051582
02134,2015,172009.17505898018,1.724690984036933
02134,2016,180872.54056765127,1.8135616304765043
02135,1996,94033.33,1.0
02135,1997,110312.01886708496,1.17311615856936
02135,1998,115419.78569157392,1.2274348434919184
02135,1999,115390.22453652413,1.2271204745862359
02135,2000,121793.24188012337,1.2952135363080661
02135,2001,132621.80354860696,1.4103701692645252
02135,2002,133646.77899253496,1.4212702984413608
02135,2003,132823.83676889708,1.4125186970289905
02135,2004,128841.11377948345,1.3701643213048336
02135,2005,123650.70300431192,1.3149667570457402
02135,2006,119769.35927948105,1.2736905018622764
02135,2007,119481.91379260094,1.2706336550306252
02135,2008,123416.16805589655,1.3124725887714126
02135,2009,126629.1290080596,1.3466409092186737
02135,2010,132042.62333624644,1.4042108615769158
02135,2011,127857.42254637492,1.3597032301884333
02135,2012,133179.19830150742,1.4162977988922376
02135,2013,143023.25432436226,1.5209846798402467
02135,2014,151355.7652851867,1.6095969938019499
02135,2015,156806.41184987224,1.6675620426275688
02135,2016,165184.6184976656,1.7566603086125483
02136,1996,115355.56,1.0
02136,1997,129405.81742757976,1.121799568461024
02136,1998,130764.01460987344,1.1335735755595433
02136,1999,134267.93855528472,1.1639485652471777
02136,2000,141244.7728527828,1.2244296924464049
02136,2001,144780.50524267982,1.255080424755251
02136,2002,146395.07746690922,1.2690769085331406
02136,2003,149736.17867354004,1.2980404123870584
02136,2004,149385.83114126616,1.2950033023225422
02136,2005,148617.89978393647,1.2883462208838177
02136,2006,148216.03919548274,1.2848625518829153
02136,2007,147767.1045962383,1.2809708053624662
02136,2008,141744.51315062607,1.2287618659267578
02136,2009,133696.62827829708,1.1589959623818487
02136,2010,133763.43816801396,1.1595751272675021
02136,2011,132696.6063875845,1.1503269230159734
02136,2012,134387.6375467946,1.1649862178016785
02136,2013,141704.70088702094,1.2284167394013858
02136,2014,148759.83791546983,1.2895766611983839
02136,2015,152031.45282076884,1.3179377987568943
02136,2016,158404.0610160403,1.3731809807523825
02151,1996,109177.78,1.0
02151,1997,123862.45717082723,1.1345024342025203
02151,1998,126529.45842297607,1.1589304932100293
02151,1999,129940.90017172614,1.1901771603317648
02151,2000,132229.27854141034,1.2111372711682757
02151,2001,132394.79508960267,1.2126532989551781
02151,2002,138528.89380089077,1.2688377964901902
02151,2003,144259.58896092832,1.3213273704679498
02151,2004,142681.80886158417,1.3068758941753915
02151,2005,139544.2214744699,1.2781375612736392
02151,2006,140166.39740071862,1.2838363025948927
02151,2007,142107.79301383437,1.3016182689722613
02151,2008,127404.9266480481,1.1669492331502629
02151,2009,114000.53004045889,1.0441733660499315
02151,2010,114770.59918614812,1.0512267165182156
02151,2011,112971.96289672628,1.0347523360222775
02151,2012,116239.43735017383,1.0646803530001603
02151,2013,125161.67334723465,1.1464024396469195
02151,2014,129920.36581657776,1.1899890785155895
02151,2015,134549.99382886456,1.2323935678932523
02151,2016,141036.3172911755,1.2918042232693825
02152,1996,145988.89,1.0
02152,1997,160835.54377475195,1.10169714815115
02152,1998,160703.76374992257,1.1007944765517605
02152,1999,158120.68190966838,1.0831007887632296
02152,2000,158908.15933909654,1.0884948802549053
02152,2001,166047.16538013687,1.1373959030727396
02152,2002,165556.65917571043,1.1340360158619633
02152,2003,170181.50939036434,1.1657154828039609
02152,2004,167584.73843107713,1.147928026790786
02152,2005,166743.36470307634,1.1421647544760174
02152,2006,160563.43151896962,1.0998332237403108
02152,2007,155642.41062351843,1.0661250361141756
02152,2008,157061.34421392911,1.0758444989473452
02152,2009,148681.05880168703,1.018440915618216
02152,2010,152752.01813633382,1.046326320696964
02152,2011,149425.97751357112,1.0235434868610283
02152,2012,144791.44866197885,0.9917977228402712
02152,2013,156954.4482870015,1.0751122793453767
02152,2014,158887.55375666803,1.0883537353881383
02152,2015,158703.4167366597,1.0870924269419384
02152,2016,163573.28840382746,1.1204502507268015
02186,1996,189577.78,1.0
02186,1997,207897.73327103638,1.0966355512288222
02186,1998,222289.96221997397,1.1725528288176703
02186,1999,232738.7803696728,1.227669088485332
02186,2000,235979.0789568719,1.2447612740104452
02186,2001,231281.16711397006,1.2199803537839196
02186,2002,227404.98086694686,1.1995339372944807
02186,2003,231371.41479862374,1.2204563994716244
02186,2004,230627.97369723005,1.21653483703222
02186,2005,222078.92641493547,1.1714396403151017
02186,2006,209287.05595501422,1.1039640613737234
02186,2007,206269.37794174795,1.0880461726144697
02186,2008,212608.79081348717,1.1214858134401995
02186,2009,225913.02808619782,1.1916640657264677
02186,2010,229417.66823792877,1.2101506212274917
02186,2011,228450.08237142127,1.205046722096974
02186,2012,229490.26771197826,1.2105335747257842
02186,2013,243831.67269790504,1.286182762019394
02186,2014,249705.0124158802,1.317163922986545
02186,2015,253851.41767838437,1.3390357122991121
02186,2016,257264.66047242636,1.3570401577253746
02210,1996,196700.0,1.0
02210,1997,237800.6496684911,1.2089509388332034
02210,1998,265343.94896867836,1.3489778798611
02210,1999,282827.36428465915,1.4378615367801686
02210,2000,290495.7018839584,1.4768464762783855
02210,2001,290734.80616284686,1.478062054717066
02210,2002,284092.3449030801,1.4442925516170824
02210,2003,263522.5660572959,1.3397181802607823
02210,2004,243202.4853175613,1.2364132451324927
02210,2005,245087.6926136204,1.2459974205064586
02210,2006,243072.26291754164,1.2357512095452041
02210,2007,249589.24464597987,1.2688827892525667
02210,2008,264291.1311226369,1.343625475966634
02210,2009,271477.25394662,1.3801588914418912
02210,2010,269988.82980554947,1.372591915635737
02210,2011,298696.13293036266,1.518536517185372
02210,2012,292393.9191966318,1.4864967930687942
02210,2013,313967.8722354872,1.5961762696262696
02210,2014,338038.5425718096,1.7185487675231805
02210,2015,367274.80004992516,1.867182511692553
02210,2016,378813.631769981,1.9258445946618252
02215,1996,83122.22,1.0
02215,1997,102825.44941707829,1.2370392587815662
02215,1998,114453.72680816798,1.3769329886541526
02215,1999,124195.50447226531,1.494131225949756
02215,2000,134908.38034707023,1.6230122384492405
02215,2001,147083.79483684077,1.7694882888936407
02215,2002,148415.4302753905,1.7855084991160066
02215,2003,143343.13413800538,1.7244863544068647
02215,2004,139391.32113953558,1.6769441569238115
02215,2005,139653.63183335983,1.680099879831889
02215,2006,140704.97923374863,1.6927480911090755
02215,2007,141789.60148253216,1.705796614702208
02215,2008,147923.0960021278,1.7795854827039965
02215,2009,159363.90047649198,1.9172238238643287
02215,2010,161730.91828490276,1.9457001784228423
02215,2011,162225.1389327383,1.9516458888217652
02215,2012,167890.33958520787,2.019800957977396
02215,2013,186434.48480719986,2.242895880393953
02215,2014,196366.50594993844,2.362382837584685
02215,2015,197861.12644268892,2.3803638358394292
02215,2016,204292.68127490408,2.457738511734938
02459,1996,378644.44,1.0
02459,1997,415613.2799448227,1.0976347096099515
02459,1998,425717.6404600169,1.124320326636823
02459,1999,423042.2948445233,1.117254738626357
02459,2000,420295.0999424746,1.109999396643655
02459,2001,450088.038824515,1.1886825509032035
02459,2002,431147.8277435544,1.13866145173967
02459,2003,400215.87766296876,1.0569701688026074
02459,2004,371614.92177068803,0.9814350417259211
02459,2005,363632.63102148473,0.9603538111413567
02459,2006,350486.9524438844,0.9256360728388997
02459,2007,356097.17094781017,0.940452660410939
02459,2008,371516.92528439313,0.9811762329968271
02459,2009,382008.8910872388,1.0088855156231498
02459,2010,383549.74732466677,1.012954917084394
02459,2011,386766.65157136356,1.021450761488439
02459,2012,395886.30142077955,1.045535757558673
02459,2013,413242.89097312995,1.0913745121231146
02459,2014,429599.98081555194,1.1345735878639918
02459,2015,434689.1108454965,1.148013980729511
02459,2016,439853.0706762816,1.1616519991057614
02467,1996,330966.67,1.0
02467,1997,366078.70801183645,1.1060893473407352
02467,1998,366788.1017054487,1.108232746534413
02467,1999,378231.11492355424,1.1428072649235472
02467,2000,379149.066652818,1.1455808122697613
02467,2001,383242.8452685241,1.1579499690060153
02467,2002,371168.2142851766,1.1214670476793829
02467,2003,359617.4091939274,1.0865668412892677
02467,2004,337396.2176610711,1.0194265714462158
02467,2005,324066.5949893839,0.9791517526202379
02467,2006,315045.9621102244,0.9518963408316143
02467,2007,323648.9392054949,0.9778898255993418
02467,2008,336009.00104447984,1.015235162635802
02467,2009,348700.85521404573,1.0535829943663082
02467,2010,354951.87229298666,1.0724701441779219
02467,2011,356259.8922136743,1.0764222639508514
02467,2012,359360.34535830526,1.0857901351767696
02467,2013,372649.9158334863,1.1259439382022556
02467,2014,386701.1810617563,1.168399165576873
02467,2015,396394.02533552615,1.1976856320170433
02467,2016,398928.2070873203,1.2053425412514205
